/*
SQLyog Ultimate v12.09 (64 bit)
MySQL - 5.7.20-log : Database - shop
*********************************************************************
*/

/*!40101 SET NAMES utf8 */;

/*!40101 SET SQL_MODE=''*/;

/*!40014 SET @OLD_UNIQUE_CHECKS=@@UNIQUE_CHECKS, UNIQUE_CHECKS=0 */;
/*!40014 SET @OLD_FOREIGN_KEY_CHECKS=@@FOREIGN_KEY_CHECKS, FOREIGN_KEY_CHECKS=0 */;
/*!40101 SET @OLD_SQL_MODE=@@SQL_MODE, SQL_MODE='NO_AUTO_VALUE_ON_ZERO' */;
/*!40111 SET @OLD_SQL_NOTES=@@SQL_NOTES, SQL_NOTES=0 */;
CREATE DATABASE /*!32312 IF NOT EXISTS*/`shop` /*!40100 DEFAULT CHARACTER SET utf8 */;

USE `shop`;

/*Table structure for table `adminuser` */

DROP TABLE IF EXISTS `adminuser`;

CREATE TABLE `adminuser` (
  `uid` int(11) NOT NULL AUTO_INCREMENT,
  `username` varchar(255) DEFAULT NULL,
  `password` varchar(255) DEFAULT NULL,
  PRIMARY KEY (`uid`)
) ENGINE=InnoDB AUTO_INCREMENT=4 DEFAULT CHARSET=utf8;

/*Data for the table `adminuser` */

insert  into `adminuser`(`uid`,`username`,`password`) values (3,'admin','admin');

/*Table structure for table `category` */

DROP TABLE IF EXISTS `category`;

CREATE TABLE `category` (
  `cid` int(11) NOT NULL AUTO_INCREMENT,
  `cname` varchar(255) DEFAULT NULL,
  PRIMARY KEY (`cid`)
) ENGINE=InnoDB AUTO_INCREMENT=16 DEFAULT CHARSET=utf8;

/*Data for the table `category` */

insert  into `category`(`cid`,`cname`) values (1,'Clothing'),(2,'Shoes/bags'),(3,'Outdoor/Sport'),(4,'Jewelry '),(5,'Mobile'),(6,'Electric '),(7,'Cosmetic'),(10,'Furniture'),(15,'test');

/*Table structure for table `categorysecond` */

DROP TABLE IF EXISTS `categorysecond`;

CREATE TABLE `categorysecond` (
  `csid` int(11) NOT NULL AUTO_INCREMENT,
  `csname` varchar(255) DEFAULT NULL,
  `cid` int(11) DEFAULT NULL,
  PRIMARY KEY (`csid`),
  KEY `FK936FCAF21DB1FD15` (`cid`),
  CONSTRAINT `FK936FCAF21DB1FD15` FOREIGN KEY (`cid`) REFERENCES `category` (`cid`)
) ENGINE=InnoDB AUTO_INCREMENT=51 DEFAULT CHARSET=utf8;

/*Data for the table `categorysecond` */

insert  into `categorysecond`(`csid`,`csname`,`cid`) values (1,'Fashion women',1),(2,'Early winter down',1),(3,'Woolen coat',1),(4,'Warm sweater',1),(5,'Fashion men',1),(6,'Winter jackets',1),(7,'Down jacket',1),(9,'Women\'s shoes',2),(10,'Booties',2),(11,'Men\'s shoes',2),(12,'Lady bags',2),(13,'Men\'s bag',2),(15,'Sports shoes',3),(16,'Sportswear',3),(17,'Outdoor sports',3),(18,'Fitness equipment',3),(19,'Cycling Equipment',3),(20,'Jewelry',4),(21,'Fashion&accessories',4),(22,'Watches',4),(23,'Glasses',4),(24,'Mobile phone',5),(25,'Ipad',5),(26,'Laptop',5),(27,'Camera',5),(28,'Electric',6),(29,'Kitchen electric',6),(30,'Home devices',6),(31,'Household',6),(32,'Office supplies',6),(33,'Beauty skin care',7),(34,'Powerful',7),(35,'Great makeup',7),(36,'Seasonal',7),(40,'Combination',10),(50,'testSecond',15);

/*Table structure for table `orderitem` */

DROP TABLE IF EXISTS `orderitem`;

CREATE TABLE `orderitem` (
  `itemid` int(11) NOT NULL AUTO_INCREMENT,
  `count` int(11) DEFAULT NULL,
  `subtotal` double DEFAULT NULL,
  `pid` int(11) DEFAULT NULL,
  `oid` int(11) DEFAULT NULL,
  `uid` int(11) DEFAULT NULL,
  PRIMARY KEY (`itemid`),
  KEY `FKE8B2AB6166C01961` (`oid`),
  KEY `FKE8B2AB6171DB7AE4` (`pid`),
  KEY `FKE8B2AB6144D98905` (`uid`),
  CONSTRAINT `FKE8B2AB6144D98905` FOREIGN KEY (`uid`) REFERENCES `orders` (`oid`),
  CONSTRAINT `FKE8B2AB6166C01961` FOREIGN KEY (`oid`) REFERENCES `orders` (`oid`),
  CONSTRAINT `FKE8B2AB6171DB7AE4` FOREIGN KEY (`pid`) REFERENCES `product` (`pid`)
) ENGINE=InnoDB AUTO_INCREMENT=36 DEFAULT CHARSET=utf8;

/*Data for the table `orderitem` */

insert  into `orderitem`(`itemid`,`count`,`subtotal`,`pid`,`oid`,`uid`) values (18,1,125,75,10013,10013),(19,1,125,75,10014,10014),(20,1,299,57,10014,10014),(21,1,186,33,10015,10015),(22,1,186,31,10015,10015),(23,1,9900,13,10016,10016),(24,1,299,54,10016,10016),(25,1,83,64,10017,10017),(26,1,358,48,10017,10017),(27,1,198,23,10018,10018),(28,1,299,53,10019,10019),(29,1,125,74,9020,9020),(30,1,172,2,10020,10020),(31,1,198,73,10021,10021),(32,1,358,51,10022,10022),(33,1,125,76,10023,10023),(34,1,119,4,10024,10024),(35,1,198,21,10025,10025);

/*Table structure for table `orders` */

DROP TABLE IF EXISTS `orders`;

CREATE TABLE `orders` (
  `oid` int(11) NOT NULL AUTO_INCREMENT,
  `total` double DEFAULT NULL,
  `ordertime` datetime DEFAULT NULL,
  `state` int(11) DEFAULT NULL COMMENT ' 1:not pay the money 2: have been paid the money 3:have been delivery,but user does not received 4: transaction success',
  `name` varchar(20) DEFAULT NULL,
  `phone` varchar(20) DEFAULT NULL,
  `addr` varchar(50) DEFAULT NULL,
  `uid` int(11) DEFAULT NULL,
  PRIMARY KEY (`oid`),
  KEY `FKC3DF62E5AA3D9C7` (`uid`),
  CONSTRAINT `FKC3DF62E5AA3D9C7` FOREIGN KEY (`uid`) REFERENCES `user` (`uid`)
) ENGINE=InnoDB AUTO_INCREMENT=10026 DEFAULT CHARSET=utf8;

/*Data for the table `orders` */

insert  into `orders`(`oid`,`total`,`ordertime`,`state`,`name`,`phone`,`addr`,`uid`) values (9020,125,'2018-12-02 01:48:23',1,'Hengyu Yue','5196949329','709-690 Wonderland Road North',6),(10013,125,'2018-12-01 18:32:33',2,'Hengyu Yue','5196949329','709-690 Wonderland Road North',6),(10014,424,'2018-12-01 18:51:02',2,'Hengyu Yue','5196949329','709-690 Wonderland Road North',6),(10015,372,'2018-12-01 19:42:59',1,'Hengyu Yue','5196949329','709-690 Wonderland Road North',6),(10016,10199,'2018-12-01 19:43:15',1,'Hengyu Yue','5196949329','709-690 Wonderland Road North',6),(10017,441,'2018-12-01 19:43:39',3,'Hengyu Yue','5196949329','709-690 Wonderland Road North',6),(10018,198,'2018-12-01 19:44:03',1,'Hengyu Yue','5196949329','709-690 Wonderland Road North',6),(10019,299,'2018-12-01 22:50:31',1,'Hengyu Yue','5196949329','709-690 Wonderland Road North',6),(10020,172,'2018-12-09 16:03:15',1,'Hengyu Yue','5196949329','709-690 Wonderland Road North',6),(10021,198,'2018-12-09 16:03:23',1,'Hengyu Yue','5196949329','709-690 Wonderland Road North',6),(10022,358,'2018-12-09 16:03:35',3,'Hengyu Yue','5196949329','709-690 Wonderland Road North',6),(10023,125,'2018-12-09 16:03:39',3,'Hengyu Yue','5196949329','709-690 Wonderland Road North',6),(10024,119,'2018-12-09 16:03:46',4,'Hengyu Yue','5196949329','709-690 Wonderland Road North',6),(10025,198,'2018-12-09 16:13:17',2,'Hengyu Yue','5196949329','709-690 Wonderland Road North',6);

/*Table structure for table `product` */

DROP TABLE IF EXISTS `product`;

CREATE TABLE `product` (
  `pid` int(11) NOT NULL AUTO_INCREMENT,
  `pname` varchar(255) DEFAULT NULL,
  `market_price` double DEFAULT NULL,
  `shop_price` double DEFAULT NULL,
  `image` varchar(255) DEFAULT NULL,
  `pdesc` varchar(1000) DEFAULT NULL,
  `is_hot` int(11) DEFAULT NULL,
  `pdate` datetime DEFAULT NULL,
  `csid` int(11) DEFAULT NULL,
  PRIMARY KEY (`pid`),
  KEY `FKED8DCCEFB9B74E02` (`csid`),
  CONSTRAINT `FKED8DCCEFB9B74E02` FOREIGN KEY (`csid`) REFERENCES `categorysecond` (`csid`)
) ENGINE=InnoDB AUTO_INCREMENT=88 DEFAULT CHARSET=utf8;

/*Data for the table `product` */

insert  into `product`(`pid`,`pname`,`market_price`,`shop_price`,`image`,`pdesc`,`is_hot`,`pdate`,`csid`) values (1,'韩版连帽加厚毛衣女外套',558,228,'products/1/cs10001.jpg','双11限量200件，拍完下架，加车享优惠，早下手早发货。。秋冬个性中长款毛衣，美丽和温度同在！限量供应，拒绝撞衫！迫于纱线和人工在不断上涨的双重压力下，产品涨价在即！少量现货出售中，手快有，手慢等哦，赶紧抢哦，绝对高大上。',1,'2014-11-02 20:18:00',1),(2,'女装立领长袖拼接PU皮毛呢外套',436,172,'products/1/cs10002.jpg','【现在拍下并支付定金，即可获得双12当天10元无门槛优惠券一张。注：只限有预付定金款~优惠券统一在12月11号发放】 毛呢外套 整洁干练的长款版型 整个肩部给予皮绒拼接 与毛呢一起撑起品质感 立领 长袖 肩部往下做流行加层拼接 一粒扣收合门襟 特意做的夹棉里层（袖里无） 不必再畏惧冷冽寒风',0,'2014-11-04 20:18:00',1),(3,'韩版女装翻领羔绒夹棉格子毛呢外套',238,119,'products/1/cs10003.jpg','外套款。 称为棉衣也不为过 或者因为它的表层毛呢　称呼为毛呢外套 ｙａｎｇ　羔绒位于翻领及袖口 从视觉着手　带来温暖无限 夹棉里衬（袖里也有）再次提升御寒功能 流行元素上　选择红黑格纹理　大气而又经典 金属拉链开叉　插袋自不会少',0,'2014-10-01 20:18:00',1),(4,'韩版女装翻领羔绒夹棉格子毛呢外套',238,119,'products/1/cs10004.jpg','外套款。 称为棉衣也不为过 或者因为它的表层毛呢　称呼为毛呢外套 ｙａｎｇ　羔绒位于翻领及袖口 从视觉着手　带来温暖无限 夹棉里衬（袖里也有）再次提升御寒功能 流行元素上　选择红黑格纹理　大气而又经典 金属拉链开叉　插袋自不会少',0,'2014-12-07 20:18:00',1),(5,'韩版女装翻领羔绒夹棉格子毛呢外套',238,119,'products/1/cs10005.jpg','外套款。 称为棉衣也不为过 或者因为它的表层毛呢　称呼为毛呢外套 ｙａｎｇ　羔绒位于翻领及袖口 从视觉着手　带来温暖无限 夹棉里衬（袖里也有）再次提升御寒功能 流行元素上　选择红黑格纹理　大气而又经典 金属拉链开叉　插袋自不会少',0,'2014-11-02 20:18:00',1),(6,'冬装韩版女装翻领羔绒夹棉格子毛呢外套',238,119,'products/1/cs10006.jpg','外套款。 称为棉衣也不为过 或者因为它的表层毛呢　称呼为毛呢外套 ｙａｎｇ　羔绒位于翻领及袖口 从视觉着手　带来温暖无限 夹棉里衬（袖里也有）再次提升御寒功能 流行元素上　选择红黑格纹理　大气而又经典 金属拉链开叉　插袋自不会少',0,'2014-11-10 15:18:00',1),(7,'新款优雅奢华毛领白鸭绒轻薄羽绒服',1120,590,'products/1/cs10007.jpg','秋冬热卖款，今日特惠！库存有限，卖完即止！喜欢的赶紧出手哦！',0,'2014-11-03 20:18:00',1),(8,'秋冬季毛呢外套女中长款圆领小香风呢子大衣',672,336,'products/1/cs10008.jpg','【双12预售】双12提前开抢，11月24日—12月11日抢先付预付款33.6元，12月12日付剩余尾款，先付先发货，提前引爆双12！！！买就【送】双十二10元无门槛优惠券！！！商家【赠】运费险！！！',0,'2014-11-03 20:18:00',1),(9,'女装貉子毛大衣 时尚修身长袖淑女毛呢外套',238,119,'products/1/cs10009.jpg','秋冬热卖款，今日特惠！库存有限，卖完即止！喜欢的赶紧出手哦！',0,'2014-11-03 20:18:00',1),(10,'修身显瘦淑女针织长袖打底连衣裙女',356,158,'products/1/cs10010.jpg','【1212万能盛典预售抢先购,早买早便宜！】定金15.80元，预售价158.00元，双12价涨价至178.00元!',0,'2014-11-03 20:18:00',1),(11,'整貂皮大衣外套中长款收腰立领长袖进口真皮草裘皮',19800,9900,'products/1/cs20001.jpg','采用100%进口小母貂 毛皮结实柔软毛峰更有光泽 保暖效果极强。　 【正品保证】我们承诺100%整皮水貂 假一罚十 支持验货 无理由退换货 【售后保障】终身免费保养维修',0,'2014-11-03 20:18:00',2),(12,'整貂皮大衣外套中长款收腰立领长袖进口真皮草裘皮',19800,9900,'products/1/cs20002.jpg','采用100%进口小母貂 毛皮结实柔软毛峰更有光泽 保暖效果极强。　 【正品保证】我们承诺100%整皮水貂 假一罚十 支持验货 无理由退换货 【售后保障】终身免费保养维修',0,'2014-11-03 20:18:00',2),(13,'整貂皮大衣外套中长款收腰立领长袖进口真皮草裘皮',19800,9900,'products/1/cs20003.jpg','采用100%进口小母貂 毛皮结实柔软毛峰更有光泽 保暖效果极强。　 【正品保证】我们承诺100%整皮水貂 假一罚十 支持验货 无理由退换货 【售后保障】终身免费保养维修',0,'2014-11-03 20:18:00',2),(14,'整貂皮大衣外套中长款收腰立领长袖进口真皮草裘皮',19800,9900,'products/1/cs20004.jpg','采用100%进口小母貂 毛皮结实柔软毛峰更有光泽 保暖效果极强。　 【正品保证】我们承诺100%整皮水貂 假一罚十 支持验货 无理由退换货 【售后保障】终身免费保养维修',0,'2014-11-03 20:18:00',2),(15,'整貂皮大衣外套中长款收腰立领长袖进口真皮草裘皮',19800,9900,'products/1/cs20005.jpg','采用100%进口小母貂 毛皮结实柔软毛峰更有光泽 保暖效果极强。　 【正品保证】我们承诺100%整皮水貂 假一罚十 支持验货 无理由退换货 【售后保障】终身免费保养维修',0,'2014-11-03 20:18:00',2),(16,'整貂皮大衣外套中长款收腰立领长袖进口真皮草裘皮',19800,9900,'products/1/cs20006.jpg','采用100%进口小母貂 毛皮结实柔软毛峰更有光泽 保暖效果极强。　 【正品保证】我们承诺100%整皮水貂 假一罚十 支持验货 无理由退换货 【售后保障】终身免费保养维修',0,'2014-11-03 20:18:00',2),(17,'整貂皮大衣外套中长款收腰立领长袖进口真皮草裘皮',19800,9900,'products/1/cs20007.jpg','采用100%进口小母貂 毛皮结实柔软毛峰更有光泽 保暖效果极强。　 【正品保证】我们承诺100%整皮水貂 假一罚十 支持验货 无理由退换货 【售后保障】终身免费保养维修',0,'2014-11-03 20:18:00',2),(18,'整貂皮大衣外套中长款收腰立领长袖进口真皮草裘皮',19800,9900,'products/1/cs20008.jpg','采用100%进口小母貂 毛皮结实柔软毛峰更有光泽 保暖效果极强。　 【正品保证】我们承诺100%整皮水貂 假一罚十 支持验货 无理由退换货 【售后保障】终身免费保养维修',0,'2014-11-03 20:18:00',2),(19,'整貂皮大衣外套中长款收腰立领长袖进口真皮草裘皮',19800,9900,'products/1/cs20009.jpg','采用100%进口小母貂 毛皮结实柔软毛峰更有光泽 保暖效果极强。　 【正品保证】我们承诺100%整皮水貂 假一罚十 支持验货 无理由退换货 【售后保障】终身免费保养维修',0,'2014-10-01 20:18:00',2),(20,'中长款貂皮大衣整貂女装',17900,7290,'products/1/cs20010.jpg','采用100%进口小母貂 毛皮结实柔软毛峰更有光泽 保暖效果极强。　 【正品保证】【售后保障】我们承诺100%整皮水貂 假一罚十 支持验货 无理由退换货',0,'2014-11-03 20:18:00',2),(21,'韩版毛呢外套女韩范秋冬装厚中长款冬季呢子',598,198,'products/1/cs30001.png','今年韩国首尔爆款，超高端定制羊毛呢大衣，版型超美，不挑身材，不挑年龄，上身非常漂亮哦，适合任何场合，这个秋冬MM必备款哦。几乎人手一件，美丽时尚的你怎么能少了这件呢，现秋冬预热加十一到来，只需99元包邮，只限今天，今天过后马上涨价，早买早划算哦~',1,'2014-11-03 20:18:00',3),(22,'韩版毛呢外套女韩范秋冬装厚中长款冬季呢子',598,198,'products/1/cs30002.png','今年韩国首尔爆款，超高端定制羊毛呢大衣，版型超美，不挑身材，不挑年龄，上身非常漂亮哦，适合任何场合，这个秋冬MM必备款哦。几乎人手一件，美丽时尚的你怎么能少了这件呢，现秋冬预热加十一到来，只需99元包邮，只限今天，今天过后马上涨价，早买早划算哦~',0,'2014-11-03 20:18:00',3),(23,'韩版毛呢外套女韩范秋冬装厚中长款冬季呢子',598,198,'products/1/cs30003.png','今年韩国首尔爆款，超高端定制羊毛呢大衣，版型超美，不挑身材，不挑年龄，上身非常漂亮哦，适合任何场合，这个秋冬MM必备款哦。几乎人手一件，美丽时尚的你怎么能少了这件呢，现秋冬预热加十一到来，只需99元包邮，只限今天，今天过后马上涨价，早买早划算哦~',0,'2014-11-03 20:18:00',3),(24,'韩版毛呢外套女韩范秋冬装厚中长款冬季呢子',598,198,'products/1/cs30004.png','今年韩国首尔爆款，超高端定制羊毛呢大衣，版型超美，不挑身材，不挑年龄，上身非常漂亮哦，适合任何场合，这个秋冬MM必备款哦。几乎人手一件，美丽时尚的你怎么能少了这件呢，现秋冬预热加十一到来，只需99元包邮，只限今天，今天过后马上涨价，早买早划算哦~',0,'2014-11-03 20:18:00',3),(25,'韩版毛呢外套女韩范秋冬装厚中长款冬季呢子',598,198,'products/1/cs30005.png','今年韩国首尔爆款，超高端定制羊毛呢大衣，版型超美，不挑身材，不挑年龄，上身非常漂亮哦，适合任何场合，这个秋冬MM必备款哦。几乎人手一件，美丽时尚的你怎么能少了这件呢，现秋冬预热加十一到来，只需99元包邮，只限今天，今天过后马上涨价，早买早划算哦~',0,'2014-11-03 20:18:00',3),(26,'韩版毛呢外套女韩范秋冬装厚中长款冬季呢子',598,198,'products/1/cs30006.png','今年韩国首尔爆款，超高端定制羊毛呢大衣，版型超美，不挑身材，不挑年龄，上身非常漂亮哦，适合任何场合，这个秋冬MM必备款哦。几乎人手一件，美丽时尚的你怎么能少了这件呢，现秋冬预热加十一到来，只需99元包邮，只限今天，今天过后马上涨价，早买早划算哦~',0,'2014-11-03 20:18:00',3),(27,'韩版毛呢外套女韩范秋冬装厚中长款冬季呢子',598,198,'products/1/cs30007.png','今年韩国首尔爆款，超高端定制羊毛呢大衣，版型超美，不挑身材，不挑年龄，上身非常漂亮哦，适合任何场合，这个秋冬MM必备款哦。几乎人手一件，美丽时尚的你怎么能少了这件呢，现秋冬预热加十一到来，只需99元包邮，只限今天，今天过后马上涨价，早买早划算哦~',0,'2014-11-03 20:18:00',3),(28,'韩版毛呢外套女韩范秋冬装厚中长款冬季呢子',598,198,'products/1/cs30008.png','今年韩国首尔爆款，超高端定制羊毛呢大衣，版型超美，不挑身材，不挑年龄，上身非常漂亮哦，适合任何场合，这个秋冬MM必备款哦。几乎人手一件，美丽时尚的你怎么能少了这件呢，现秋冬预热加十一到来，只需99元包邮，只限今天，今天过后马上涨价，早买早划算哦~',0,'2014-11-03 20:18:00',3),(29,'韩版毛呢外套女韩范秋冬装厚中长款冬季呢子',598,198,'products/1/cs30009.png','今年韩国首尔爆款，超高端定制羊毛呢大衣，版型超美，不挑身材，不挑年龄，上身非常漂亮哦，适合任何场合，这个秋冬MM必备款哦。几乎人手一件，美丽时尚的你怎么能少了这件呢，现秋冬预热加十一到来，只需99元包邮，只限今天，今天过后马上涨价，早买早划算哦~',0,'2014-11-03 20:18:00',3),(30,'韩版毛呢外套女韩范秋冬装厚中长款冬季呢子',598,198,'products/1/cs30010.png','今年韩国首尔爆款，超高端定制羊毛呢大衣，版型超美，不挑身材，不挑年龄，上身非常漂亮哦，适合任何场合，这个秋冬MM必备款哦。几乎人手一件，美丽时尚的你怎么能少了这件呢，现秋冬预热加十一到来，只需99元包邮，只限今天，今天过后马上涨价，早买早划算哦~',0,'2014-11-10 20:18:00',3),(31,'打底衫加厚修身羊毛衫女装羊绒衫',387,186,'products/1/cs40001.png','本产品 不起球 不掉色 不缩水 是一款贴身必备的厚款羊绒衫 质量保证支持退换',0,'2014-11-03 20:18:00',4),(32,'打底衫加厚修身羊毛衫女装羊绒衫',387,186,'products/1/cs40002.png','本产品 不起球 不掉色 不缩水 是一款贴身必备的厚款羊绒衫 质量保证支持退换',0,'2014-11-03 20:18:00',4),(33,'打底衫加厚修身羊毛衫女装羊绒衫',387,186,'products/1/cs40003.png','本产品 不起球 不掉色 不缩水 是一款贴身必备的厚款羊绒衫 质量保证支持退换',0,'2014-11-03 20:18:00',4),(34,'性感时尚 酷感黑色小圆领露肩修身长袖针织衫',387,186,'products/1/cs40004.jpg','本产品 不起球 不掉色 不缩水 是一款贴身必备的厚款羊绒衫 质量保证支持退换',0,'2014-11-03 20:18:00',4),(35,'韩版黑色打底衫加厚修身羊毛衫女装羊绒衫',387,186,'products/1/cs40005.png','本产品 不起球 不掉色 不缩水 是一款贴身必备的厚款羊绒衫 质量保证支持退换',1,'2014-11-03 20:18:00',4),(36,'韩版黑色打底衫加厚修身羊毛衫女装羊绒衫',387,186,'products/1/cs40006.png','本产品 不起球 不掉色 不缩水 是一款贴身必备的厚款羊绒衫 质量保证支持退换',0,'2014-11-03 20:18:00',4),(37,'韩版黑色打底衫加厚修身羊毛衫女装羊绒衫',387,186,'products/1/cs40007.png','本产品 不起球 不掉色 不缩水 是一款贴身必备的厚款羊绒衫 质量保证支持退换',0,'2014-11-03 20:18:00',4),(38,'韩版黑色打底衫加厚修身羊毛衫女装羊绒衫',387,186,'products/1/cs40008.png','本产品 不起球 不掉色 不缩水 是一款贴身必备的厚款羊绒衫 质量保证支持退换',0,'2014-11-03 20:18:00',4),(39,'韩版黑色打底衫加厚修身羊毛衫女装羊绒衫',387,186,'products/1/cs40009.png','本产品 不起球 不掉色 不缩水 是一款贴身必备的厚款羊绒衫 质量保证支持退换',0,'2014-11-03 20:18:00',4),(40,'韩版黑色打底衫加厚修身羊毛衫女装羊绒衫',387,186,'products/1/cs40010.png','本产品 不起球 不掉色 不缩水 是一款贴身必备的厚款羊绒衫 质量保证支持退换',0,'2014-11-03 20:18:00',4),(41,'韩版黑色打底衫加厚修身羊毛衫女装羊绒衫',387,186,'products/1/cs40011.png','本产品 不起球 不掉色 不缩水 是一款贴身必备的厚款羊绒衫 质量保证支持退换',1,'2014-11-03 20:18:00',4),(42,'冬装外套棉衣立领修身商务大码男装潮牌上衣',899,358,'products/1/cs50001.png','【型男卖点简介】该款凭借其独特的设计、精选的面料和一致的时尚理念，以质感都市，充满时尚感的设计风格， 简约毛呢大衣，修身不变形，不起球，国际大牌一样的面料！面料成分：77.8%聚酯纤维+22.2%粘纤 秋冬简约修身防静电呢风衣外套',1,'2014-11-03 20:18:00',5),(43,'冬装外套棉衣立领修身商务大码男装潮牌上衣',899,358,'products/1/cs50002.png','【型男卖点简介】该款凭借其独特的设计、精选的面料和一致的时尚理念，以质感都市，充满时尚感的设计风格， 简约毛呢大衣，修身不变形，不起球，国际大牌一样的面料！面料成分：77.8%聚酯纤维+22.2%粘纤 秋冬简约修身防静电呢风衣外套',0,'2014-11-03 20:18:00',5),(44,'冬装外套棉衣立领修身商务大码男装潮牌上衣',899,358,'products/1/cs50003.png','【型男卖点简介】该款凭借其独特的设计、精选的面料和一致的时尚理念，以质感都市，充满时尚感的设计风格， 简约毛呢大衣，修身不变形，不起球，国际大牌一样的面料！面料成分：77.8%聚酯纤维+22.2%粘纤 秋冬简约修身防静电呢风衣外套',1,'2014-11-03 20:18:00',5),(45,'冬装外套棉衣立领修身商务大码男装潮牌上衣',899,358,'products/1/cs50004.png','【型男卖点简介】该款凭借其独特的设计、精选的面料和一致的时尚理念，以质感都市，充满时尚感的设计风格， 简约毛呢大衣，修身不变形，不起球，国际大牌一样的面料！面料成分：77.8%聚酯纤维+22.2%粘纤 秋冬简约修身防静电呢风衣外套',0,'2014-12-07 20:18:00',5),(46,'冬装外套棉衣立领修身商务大码男装潮牌上衣',899,358,'products/1/cs50005.png','【型男卖点简介】该款凭借其独特的设计、精选的面料和一致的时尚理念，以质感都市，充满时尚感的设计风格， 简约毛呢大衣，修身不变形，不起球，国际大牌一样的面料！面料成分：77.8%聚酯纤维+22.2%粘纤 秋冬简约修身防静电呢风衣外套',0,'2014-11-03 20:18:00',5),(47,'冬装外套棉衣立领修身商务大码男装潮牌上衣',899,358,'products/1/cs50006.png','【型男卖点简介】该款凭借其独特的设计、精选的面料和一致的时尚理念，以质感都市，充满时尚感的设计风格， 简约毛呢大衣，修身不变形，不起球，国际大牌一样的面料！面料成分：77.8%聚酯纤维+22.2%粘纤 秋冬简约修身防静电呢风衣外套',1,'2014-11-03 20:18:00',5),(48,'冬装外套棉衣立领修身商务大码男装潮牌上衣',899,358,'products/1/cs50007.png','【型男卖点简介】该款凭借其独特的设计、精选的面料和一致的时尚理念，以质感都市，充满时尚感的设计风格， 简约毛呢大衣，修身不变形，不起球，国际大牌一样的面料！面料成分：77.8%聚酯纤维+22.2%粘纤 秋冬简约修身防静电呢风衣外套',0,'2014-11-03 20:18:00',5),(49,'冬装外套棉衣立领修身商务大码男装潮牌上衣',899,358,'products/1/cs50008.png','【型男卖点简介】该款凭借其独特的设计、精选的面料和一致的时尚理念，以质感都市，充满时尚感的设计风格， 简约毛呢大衣，修身不变形，不起球，国际大牌一样的面料！面料成分：77.8%聚酯纤维+22.2%粘纤 秋冬简约修身防静电呢风衣外套',0,'2014-11-03 20:18:00',5),(50,'冬装外套棉衣立领修身商务大码男装潮牌上衣',899,358,'products/1/cs50009.png','【型男卖点简介】该款凭借其独特的设计、精选的面料和一致的时尚理念，以质感都市，充满时尚感的设计风格， 简约毛呢大衣，修身不变形，不起球，国际大牌一样的面料！面料成分：77.8%聚酯纤维+22.2%粘纤 秋冬简约修身防静电呢风衣外套',0,'2014-11-03 20:18:00',5),(51,'冬装外套棉衣立领修身商务大码男装潮牌上衣',899,358,'products/1/cs50010.png','【型男卖点简介】该款凭借其独特的设计、精选的面料和一致的时尚理念，以质感都市，充满时尚感的设计风格， 简约毛呢大衣，修身不变形，不起球，国际大牌一样的面料！面料成分：77.8%聚酯纤维+22.2%粘纤 秋冬简约修身防静电呢风衣外套',1,'2014-12-07 20:18:00',5),(52,'商务修身羊毛呢子风衣 中长款呢大衣外套',997,299,'products/1/cs60001.png','冬装新品首发！大牌做工，顶级羊毛呢面料，穿着舒适保暖，冬季潮男必备品！新品预售价299元，预计涨到398！不要拿市场上那些低劣的毛呢大衣相比较，一分价钱一分货哦！买到就是赚到，支持7天无理由退换货，尺码不对，可享受免费换货！',0,'2014-11-03 20:18:00',6),(53,'商务修身羊毛呢子风衣 中长款呢大衣外套',997,299,'products/1/cs60002.png','冬装新品首发！大牌做工，顶级羊毛呢面料，穿着舒适保暖，冬季潮男必备品！新品预售价299元，预计涨到398！不要拿市场上那些低劣的毛呢大衣相比较，一分价钱一分货哦！买到就是赚到，支持7天无理由退换货，尺码不对，可享受免费换货！',1,'2014-11-03 20:18:00',6),(54,'商务修身羊毛呢子风衣 中长款呢大衣外套',997,299,'products/1/cs60003.png','冬装新品首发！大牌做工，顶级羊毛呢面料，穿着舒适保暖，冬季潮男必备品！新品预售价299元，预计涨到398！不要拿市场上那些低劣的毛呢大衣相比较，一分价钱一分货哦！买到就是赚到，支持7天无理由退换货，尺码不对，可享受免费换货！',0,'2014-11-03 20:18:00',6),(55,'商务修身羊毛呢子风衣 中长款呢大衣外套',997,299,'products/1/cs60004.png','冬装新品首发！大牌做工，顶级羊毛呢面料，穿着舒适保暖，冬季潮男必备品！新品预售价299元，预计涨到398！不要拿市场上那些低劣的毛呢大衣相比较，一分价钱一分货哦！买到就是赚到，支持7天无理由退换货，尺码不对，可享受免费换货！',0,'2014-11-03 20:18:00',6),(56,'商务修身羊毛呢子风衣 中长款呢大衣外套',997,299,'products/1/cs60005.png','冬装新品首发！大牌做工，顶级羊毛呢面料，穿着舒适保暖，冬季潮男必备品！新品预售价299元，预计涨到398！不要拿市场上那些低劣的毛呢大衣相比较，一分价钱一分货哦！买到就是赚到，支持7天无理由退换货，尺码不对，可享受免费换货！',0,'2014-11-03 20:18:00',6),(57,'商务修身羊毛呢子风衣 中长款呢大衣外套',997,299,'products/1/cs60006.png','冬装新品首发！大牌做工，顶级羊毛呢面料，穿着舒适保暖，冬季潮男必备品！新品预售价299元，预计涨到398！不要拿市场上那些低劣的毛呢大衣相比较，一分价钱一分货哦！买到就是赚到，支持7天无理由退换货，尺码不对，可享受免费换货！',1,'2014-12-07 22:18:00',6),(58,'商务修身羊毛呢子风衣 中长款呢大衣外套',997,299,'products/1/cs60007.png','冬装新品首发！大牌做工，顶级羊毛呢面料，穿着舒适保暖，冬季潮男必备品！新品预售价299元，预计涨到398！不要拿市场上那些低劣的毛呢大衣相比较，一分价钱一分货哦！买到就是赚到，支持7天无理由退换货，尺码不对，可享受免费换货！',0,'2014-11-03 20:18:00',6),(59,'商务修身羊毛呢子风衣 中长款呢大衣外套',997,299,'products/1/cs60008.png','冬装新品首发！大牌做工，顶级羊毛呢面料，穿着舒适保暖，冬季潮男必备品！新品预售价299元，预计涨到398！不要拿市场上那些低劣的毛呢大衣相比较，一分价钱一分货哦！买到就是赚到，支持7天无理由退换货，尺码不对，可享受免费换货！',0,'2014-11-03 20:18:00',6),(60,'商务修身羊毛呢子风衣 中长款呢大衣外套',997,299,'products/1/cs60009.png','冬装新品首发！大牌做工，顶级羊毛呢面料，穿着舒适保暖，冬季潮男必备品！新品预售价299元，预计涨到398！不要拿市场上那些低劣的毛呢大衣相比较，一分价钱一分货哦！买到就是赚到，支持7天无理由退换货，尺码不对，可享受免费换货！',1,'2014-12-02 20:18:00',6),(61,'商务修身羊毛呢子风衣 中长款呢大衣外套',997,299,'products/1/cs60010.png','冬装新品首发！大牌做工，顶级羊毛呢面料，穿着舒适保暖，冬季潮男必备品！新品预售价299元，预计涨到398！不要拿市场上那些低劣的毛呢大衣相比较，一分价钱一分货哦！买到就是赚到，支持7天无理由退换货，尺码不对，可享受免费换货！',0,'2014-11-03 20:18:00',6),(62,'韩版修身羽绒服加厚保暖可脱卸帽',198,83,'products/1/cs70001.png','羽绒棉服，保暖性比普通棉服高出3倍，价格合适，比羽绒服便宜3倍，超高性价比～～现亏本冲业绩，活动过后涨价为198元哦，亲们速抢～～！！',1,'2014-11-03 20:18:00',7),(63,'韩版修身羽绒服加厚保暖可脱卸帽',198,83,'products/1/cs70002.png','羽绒棉服，保暖性比普通棉服高出3倍，价格合适，比羽绒服便宜3倍，超高性价比～～现亏本冲业绩，活动过后涨价为198元哦，亲们速抢～～！！',1,'2014-11-03 20:18:00',7),(64,'韩版修身羽绒服加厚保暖可脱卸帽',198,83,'products/1/cs70003.png','羽绒棉服，保暖性比普通棉服高出3倍，价格合适，比羽绒服便宜3倍，超高性价比～～现亏本冲业绩，活动过后涨价为198元哦，亲们速抢～～！！',0,'2014-11-03 20:18:00',7),(65,'韩版修身羽绒服加厚保暖可脱卸帽',198,83,'products/1/cs70004.png','羽绒棉服，保暖性比普通棉服高出3倍，价格合适，比羽绒服便宜3倍，超高性价比～～现亏本冲业绩，活动过后涨价为198元哦，亲们速抢～～！！',1,'2014-11-03 20:18:00',7),(66,'韩版修身羽绒服加厚保暖可脱卸帽',198,83,'products/1/cs70005.png','羽绒棉服，保暖性比普通棉服高出3倍，价格合适，比羽绒服便宜3倍，超高性价比～～现亏本冲业绩，活动过后涨价为198元哦，亲们速抢～～！！',0,'2014-11-03 20:18:00',7),(67,'韩版修身羽绒服加厚保暖可脱卸帽',198,83,'products/1/cs70006.png','羽绒棉服，保暖性比普通棉服高出3倍，价格合适，比羽绒服便宜3倍，超高性价比～～现亏本冲业绩，活动过后涨价为198元哦，亲们速抢～～！！',1,'2014-11-03 20:18:00',7),(68,'韩版修身羽绒服加厚保暖可脱卸帽',198,83,'products/1/cs70007.png','羽绒棉服，保暖性比普通棉服高出3倍，价格合适，比羽绒服便宜3倍，超高性价比～～现亏本冲业绩，活动过后涨价为198元哦，亲们速抢～～！！',1,'2014-12-04 20:18:00',7),(69,'韩版修身羽绒服加厚保暖可脱卸帽',198,83,'products/1/cs70008.png','羽绒棉服，保暖性比普通棉服高出3倍，价格合适，比羽绒服便宜3倍，超高性价比～～现亏本冲业绩，活动过后涨价为198元哦，亲们速抢～～！！',1,'2014-11-03 20:18:00',7),(70,'韩版修身羽绒服加厚保暖可脱卸帽',198,83,'products/1/cs70009.png','羽绒棉服，保暖性比普通棉服高出3倍，价格合适，比羽绒服便宜3倍，超高性价比～～现亏本冲业绩，活动过后涨价为198元哦，亲们速抢～～！！',0,'2014-11-03 20:18:00',7),(71,'韩版修身羽绒服加厚保暖可脱卸帽',198,83,'products/1/cs70010.png','羽绒棉服，保暖性比普通棉服高出3倍，价格合适，比羽绒服便宜3倍，超高性价比～～现亏本冲业绩，活动过后涨价为198元哦，亲们速抢～～！！',1,'2014-11-03 20:18:00',7),(72,'女鞋',198,83,'products/1/nvxie.jpg','韩版女鞋...',0,'2015-02-10 12:02:54',9),(73,'短靴1',299,198,'products/1/duanxue1.jpg','女款短靴女款短靴女款短靴女款短靴女款短靴女款短靴女款短靴女款短靴女款短靴女款短靴女款短靴女款短靴女款短靴女款短靴女款短靴女款短靴女款短靴女款短靴',1,'2015-02-10 15:02:08',10),(74,'女款短靴2',200,125,'products/1/duanxue2.jpg','女款短靴女款短靴女款短靴女款短靴女款短靴女款短靴女款短靴女款短靴女款短靴女款短靴女款短靴女款短靴女款短靴女款短靴女款短靴女款短靴女款短靴女款短靴',1,'2014-12-15 00:00:00',10),(75,'女款短靴3',200,125,'products/1/duanxue3.jpg','女款短靴女款短靴女款短靴女款短靴女款短靴女款短靴女款短靴女款短靴女款短靴女款短靴女款短靴女款短靴女款短靴女款短靴女款短靴女款短靴女款短靴女款短靴',1,'2014-12-15 00:00:00',10),(76,'女款短靴4',200,125,'products/1/duanxue4.jpg','女款短靴女款短靴女款短靴女款短靴女款短靴女款短靴女款短靴女款短靴女款短靴女款短靴女款短靴女款短靴女款短靴女款短靴女款短靴女款短靴女款短靴女款短靴',1,'2014-12-15 00:00:00',10),(87,'new shoes',333,225,'products/shoes1.jpg','new shoes',1,'2018-12-09 15:30:23',9);

/*Table structure for table `user` */

DROP TABLE IF EXISTS `user`;

CREATE TABLE `user` (
  `uid` int(11) NOT NULL AUTO_INCREMENT,
  `username` varchar(255) DEFAULT NULL,
  `password` varchar(255) DEFAULT NULL,
  `name` varchar(255) DEFAULT NULL,
  `email` varchar(255) DEFAULT NULL,
  `phone` varchar(255) DEFAULT NULL,
  `addr` varchar(255) DEFAULT NULL,
  `state` int(11) DEFAULT NULL,
  `code` varchar(64) DEFAULT NULL,
  PRIMARY KEY (`uid`)
) ENGINE=InnoDB AUTO_INCREMENT=8 DEFAULT CHARSET=utf8;

/*Data for the table `user` */

insert  into `user`(`uid`,`username`,`password`,`name`,`email`,`phone`,`addr`,`state`,`code`) values (6,'yueheng123','yueheng','Hengyu Yue','aaa@desktop-53f4d6j.com','5196949329','709-690 Wonderland Road North',1,NULL),(7,'xiaopangpang','pangpang','Shiruoxi','aaa@desktop-53f4d6j.com','5196977876','709-690 Wonderland Road North',1,NULL);

/*!40101 SET SQL_MODE=@OLD_SQL_MODE */;
/*!40014 SET FOREIGN_KEY_CHECKS=@OLD_FOREIGN_KEY_CHECKS */;
/*!40014 SET UNIQUE_CHECKS=@OLD_UNIQUE_CHECKS */;
/*!40111 SET SQL_NOTES=@OLD_SQL_NOTES */;
